source_no,platform,url,title
1,Reddit,https://www.reddit.com/r/Mahjong/comments/11n05j9/mahjong_scoring_tool_with_scoring_tables/,Mahjong Scoring Tool with Scoring Tables
2,Reddit,https://www.reddit.com/r/Mahjong/comments/12m2h4x/learning_how_to_score/,Learning how to score : r/Mahjong
3,Reddit,https://www.reddit.com/r/Mahjong/comments/14v0q1t/question_about_scoring/,r/Mahjong - Question about scoring
4,Reddit,https://www.reddit.com/r/Mahjong/comments/17w76hs/han_and_scoring/,Han and Scoring : r/Mahjong
5,Reddit,https://www.reddit.com/r/Mahjong/comments/1e2m231/eimos_101_a_tutorial_to_diy_mahjong_scoring_system/,EiMOS 101 - A tutorial to DIY mahjong scoring system
6,Reddit,https://www.reddit.com/r/Mahjong/comments/1ohpuah/riichi_mahjong_scoring_for_simpletons/,Riichi Mahjong Scoring for Simpletons
7,Reddit,https://www.reddit.com/r/Mahjong/comments/oydgrb/couldnt_find_a_good_comprehensive_compact_riichi/,"r/Mahjong - Couldn't find a good comprehensive, compact ..."
8,community website,https://mahjongbritishrules.wordpress.com/strategy/,MAH-JONG STRATEGY | - WordPress.com
9,Reddit,https://www.reddit.com/r/Mahjong/comments/1qkmbm9/do_you_use_a_scoring_app/,Do you use a scoring app? : r/Mahjong - Reddit
10,Reddit,https://www.reddit.com/r/Mahjong/comments/pcjugl/what_ruleset_have_i_been_playing_for_the_last_4/,What ruleset have I been playing for the last 4 decades!??
11,Reddit,https://www.reddit.com/r/Americanmahjongg/comments/1ue6kmn/why_is_there_no_good_mahjong_app_like_actually/,Why is there no good Mahjong app? Like actually good?
12,BoardGameGeek,https://boardgamegeek.com/thread/1958072/how-many-rules-variations-of-mahjong-are-there-and,How many rules variations of Mahjong are there and which are most ...
13,BoardGameGeek,https://boardgamegeek.com/thread/3344034/the-wright-patterson-rules-how-many-different-vers,The Wright-Patterson rules -- how many different versions are there? | BoardGameGeek
14,Facebook,https://www.facebook.com/groups/mahjongcommunity/posts/2206718056414932/,What are common mahjong house and table rules?
15,Reddit,https://www.reddit.com/r/Mahjong/comments/16unjp4/help_to_identify_the_variant_we_use_in_my_family/,Help to identify the variant we use in my family
16,Reddit,https://www.reddit.com/r/Mahjong/comments/1ip5vno/cheat_sheet_for_our_house_rules_casual/,Cheat sheet for our house rules
17,forum,https://www.sloperama.com/majexchange/bulletinbd-archive1.htm,The Mah-Jongg Q & A Bulletin Board
18,community website,https://mahjongbritishrules.wordpress.com/,An illustrated description of Mah-Jong (BMJA rules)
19,Reddit,https://www.reddit.com/r/Mahjong/comments/1e2fil5/singapore_mahjong/,Singapore mahjong : r/Mahjong - Reddit
20,Reddit,https://www.reddit.com/r/Mahjong/comments/okyiv5/singapore_mahjong_payouts/,Singapore mahjong payouts - Reddit
21,Reddit,https://www.reddit.com/r/Mahjong/comments/t8x397/singapore_mahjong_rule/,Singapore mahjong rule - Reddit
22,Facebook,https://www.facebook.com/groups/169175543130778/posts/7981987801849474/,Are laminated Mah Jong rules cards for sale wanted?
23,Reddit,https://www.reddit.com/r/Mahjong/comments/1bqwmpk/hong_kong_mahjong_cheat_sheet_pdf/,Hong Kong Mahjong Cheat Sheet PDF - Reddit
24,Reddit,https://www.reddit.com/r/Mahjong/comments/1hk2kgh/yaku_for_having_your_pair_be_a_2_5_or_8/,"Yaku for having your pair be a 2, 5 or 8"
25,Google Play,https://play.google.com/store/apps/details?hl=en_GB&id=com.mahjonghelper.android,Mahjong Helper & Calculator
26,Reddit,https://www.reddit.com/r/Mahjong/comments/1th63av/riichi_tracker_compass_calculator_and_reference/?tl=es-419,Riichi Tracker — Compass Calculator and Reference
27,Reddit,https://www.reddit.com/r/Mahjong/comments/puuwpk/how_much_do_i_need_to_know_to_host_a_game_irl/,How much do I need to know to host a game irl?
28,Reddit,https://www.reddit.com/r/Mahjong/comments/1gdyiwa/how_to_go_about_teaching_friendspeers_mahjong/,How to go about teaching friends/peers mahjong?
29,Reddit,https://www.reddit.com/r/Mahjong/comments/aipnoh/completely_new_to_mah_jongg_can_i_play_without/,Completely new to mah jongg
30,Reddit,https://www.reddit.com/r/Mahjong/comments/l5b221/riichi_mahjong_cheat_sheet_1_page_pdf_or_images/,Riichi Mahjong Cheat Sheet
31,Reddit,https://www.reddit.com/r/Mahjong/comments/18qznzn/can_i_play_chinese_mahjong_with_an_american/,Can I play Chinese mahjong with an American set?
32,Reddit,https://www.reddit.com/r/Mahjong/comments/1lp3q0a/can_you_help_me_work_out_which_variant_our_family/,Can you help me work out which variant our family rules are?
33,App Store,https://apps.apple.com/gb/app/mahjong-scorer/id6736632044,Mahjong Scorer
34,Reddit,https://www.reddit.com/r/Mahjong/comments/19arg0e/finally_got_my_mahjong_scanner_app_to_work/,Finally got my Mahjong scanner app to work
35,Google Play,https://play.google.com/store/apps/details?id=jp.gr.java_conf.hi_ragi.jongcamera,JongCamera
36,Google Play,https://play.google.com/store/apps/details/Real_Mah_Jongg?hl=en_GB&id=com.realmahjongg,Real Mah Jongg
37,Google Play,https://play.google.com/store/apps/details?hl=en_GB&id=com.mahjongscoring.activities,Mahjong Scoring MCR
38,Reddit,https://www.reddit.com/r/Mahjong/comments/ebi7j2/picking_a_mahjong_style/,Picking a Mahjong Style
39,Google Play,https://play.google.com/store/apps/details?hl=en_GB&id=com.psgames.mfo,Mahjong Friends Online
40,Google Play,https://play.google.com/store/apps/details?hl=en_GB&id=space.manus.mahjong_scorer.ts20251216064323,Mahjong Tournament Scorer
41,Reddit,https://www.reddit.com/r/Mahjong/comments/1l2xpfu/what_mahjong_do_chinese_families_actually_play_in/,What Mahjong do Chinese families actually play?
42,Reddit,https://www.reddit.com/r/Mahjong/comments/1slwcr9/kangzhuang_mahjong_variant_ideas_house_rules/,Kangzhuang Mahjong Variant Ideas
43,Reddit,https://www.reddit.com/r/Mahjong/comments/18bak3i/what_in_the_actual_the_pain_of_learning_riichi/,The pain of learning Riichi
44,Reddit,https://www.reddit.com/r/Mahjong/comments/1gpuqox/easier_way_to_calculate_points/,Easier way to calculate points?
45,Reddit,https://www.reddit.com/r/Mahjong/comments/plhl9f/is_there_an_app_or_a_website_where_i_can_set/,App or website where I can set which tiles I have
46,Reddit,https://www.reddit.com/r/Mahjong/comments/wzwj5n/help_how_should_i_teach_riichi_mahjong_to_people/,How should I teach riichi mahjong?
47,Reddit,https://www.reddit.com/r/Mahjong/comments/x6x2a7/riichi_compass_and_score_tracking_on_your_phone/,Riichi compass and score tracking on your phone
48,Reddit,https://www.reddit.com/r/Mahjong/comments/1rgrlue/riichi_mahjong_autocompass/,Riichi Mahjong Auto-Compass
49,Reddit,https://www.reddit.com/r/Mahjong/comments/1rbsvin/homemade_digital_riichi_compass/,Homemade Digital Riichi Compass
50,web application documentation,https://pomax.github.io/mjscoring.js/,Mahjong Scoring - Pomax
